text,label
"Win a free vacation now! Click here to claim your prize.",spam
"Hi team, the meeting is moved to 4 PM tomorrow.",ham
"URGENT! Your bank account has been locked. Verify immediately.",spam
"Thanks for your reply. I will send the contract by noon.",ham
"Exclusive offer: limited time, earn cash fast with this referral.",spam
"Can you review the design draft before lunch?",ham
"Claim your reward today by entering your personal details.",spam
"The final report has been uploaded to the shared folder.",ham
"You've been selected for a special bonus. Call now.",spam
"I am traveling and will be back on Friday evening.",ham
"Get rich quick with one simple trick and no effort.",spam
"Please confirm the address for shipping the package.",ham
"Winner! You have won a guaranteed prize. Respond today.",spam
"Let's catch up after work and discuss the new campaign.",ham
